URL,Imagem,Titulo
https://www.regeengenharia.com.br/blog/eficiencia-energetica-industrial,https://www.regeengenharia.com.br/images/Energia Solar.png,"Eficiência Energética Industrial: Como Reduzir Custos e Aumentar a Competitividade"
https://www.regeengenharia.com.br/blog/preciso-de-engenheiro-para-reformar-meu-imovel,https://www.regeengenharia.com.br/images/engenheiro-economiza-dinheiro.png,"Preciso de Engenheiro para Reformar Meu Imóvel? Guia Completo para Decidir e Contratar"
https://www.regeengenharia.com.br/blog/laudo-seguranca-contra-incendio,https://www.regeengenharia.com.br/images/obra-comercial.png,"Laudo de Segurança contra Incêndio: O que é, quando é obrigatório e como obter o AVCB"
https://www.regeengenharia.com.br/blog/dimensionamento-hidraulico,https://www.regeengenharia.com.br/images/obra-residencial.png,"Dimensionamento Hidráulico: Como Projetar Água, Esgoto e Drenagem sem Erro"
https://www.regeengenharia.com.br/blog/laudo-eletrico,https://www.regeengenharia.com.br/images/analise-estrutura.png,"Laudo Elétrico: O que é, para que serve e quando sua obra ou empresa precisa"
https://www.regeengenharia.com.br/blog/regularizacao-de-obra,https://www.regeengenharia.com.br/images/regularizacao.png,"Regularização de Obra: Guia Completo para Legalizar sua Construção sem Multas"
https://www.regeengenharia.com.br/blog/documentacao-de-seguranca,https://www.regeengenharia.com.br/images/construtora.png,"Documentação de Segurança: Guia Completo dos Documentos Obrigatórios por Número de NR"
https://www.regeengenharia.com.br/blog/consultoria-ambiental-industrial,https://www.regeengenharia.com.br/images/obra-comercial.png,"Consultoria Ambiental Industrial: Guia Completo para Licenciamento, Conformidade e Sustentabilidade"
https://www.regeengenharia.com.br/blog/licenciamento-ambiental-empresa,https://www.regeengenharia.com.br/images/obra-comercial.png,"Licenciamento Ambiental para Empresas: O Guia Completo para Não Parar na Fiscalização"
https://www.regeengenharia.com.br/blog/engenheiro-civil-perto-de-mim,https://www.regeengenharia.com.br/images/obra-residencial.png,"Engenheiro Civil Perto de Mim: Como Encontrar e Contratar o Profissional Certo para Sua Obra"
https://www.regeengenharia.com.br/blog/danos-estruturais-obras-do-vizinho,https://www.regeengenharia.com.br/images/obra-comercial.png,"Como Agir em Casos de Danos Estruturais Causados por Obras no Vizinho"
https://www.regeengenharia.com.br/blog/analise-estrutural-lajes-pilares-litoral,https://www.regeengenharia.com.br/images/analise-estrutura.png,"Análise Estrutural de Lajes e Pilares em Regiões Litorâneas"
https://www.regeengenharia.com.br/blog/codigo-urbanistico-estetica-recuo-navegantes,https://www.regeengenharia.com.br/images/obra-residencial.png,"Principais Exigências de Estética e Recuo no Novo Código Urbanístico de Navegantes"
https://www.regeengenharia.com.br/blog/energia-solar-retorno-investimento-navegantes,https://www.regeengenharia.com.br/images/Energia Solar.png,"Energia Solar no Litoral Norte: Retorno sobre o Investimento para sua Casa em Navegantes"
https://www.regeengenharia.com.br/blog/engenheiro-economiza-dinheiro-construcao,https://www.regeengenharia.com.br/images/engenheiro-economiza-dinheiro.png,"Como um Engenheiro Pode Economizar Dinheiro na Sua Construção"
https://www.regeengenharia.com.br/blog/automoacao-residencial-casas-alto-padrao-navegantes,https://www.regeengenharia.com.br/images/projeto-arquitetonico.png,"Automação Residencial: O que Há de Novo para Casas de Alto Padrão em Navegantes?"
https://www.regeengenharia.com.br/blog/instalacoes-eletricas-no-litoral-navegantes,https://www.regeengenharia.com.br/images/Evitando Corrosão e Umidade em Navegantes.png,"Instalações Elétricas no Litoral: Evitando Corrosão e Umidade em Navegantes"
https://www.regeengenharia.com.br/blog/custo-medio-de-construcao-m2-navegantes-2025-2026,https://www.regeengenharia.com.br/images/Custo Médio de Construção.png,"Custo Médio de Construção (1m²) em Navegantes em 2025/2026: Guia de Referência"
https://www.regeengenharia.com.br/blog/reformas-que-valorizam-navegantes,https://www.regeengenharia.com.br/images/obra-residencial.png,"Reformas que Valorizam: Como Planejar Obras em Navegantes para Revenda"
https://www.regeengenharia.com.br/blog/infraestruturas-do-porto-navegantes,https://www.regeengenharia.com.br/images/obra-comercial.png,"Infraestruturas do Porto: Como Impactam a Valorização Imobiliária em Navegantes"
https://www.regeengenharia.com.br/blog/adicionando-metragem-a-sua-casa-navegantes,https://www.regeengenharia.com.br/images/obra-residencial.png,"Adicionando Metragem à Sua Casa em Navegantes: Do Projeto à Aprovação"
https://www.regeengenharia.com.br/blog/ampliacoes-residenciais-navegantes,https://www.regeengenharia.com.br/images/obra-residencial.png,"Ampliações Residenciais em Navegantes: O Melhor Investimento Imobiliário?"
https://www.regeengenharia.com.br/blog/impermeabilizacao-de-concreto-navegantes,https://www.regeengenharia.com.br/images/obra-residencial.png,"Impermeabilização de Concreto em Navegantes SC: Técnicas Essenciais para Obras Litorâneas"
https://www.regeengenharia.com.br/blog/provar-defeitos-construtivos-navegantes,https://www.regeengenharia.com.br/images/construtora.png,"Perícia de Engenharia: Como Provar Defeitos Construtivos no Seu Imóvel em Navegantes"
https://www.regeengenharia.com.br/blog/laudo-vistoria-predial-navegantes,https://www.regeengenharia.com.br/images/obra-residencial.png,"Laudo de Vistoria Predial em Navegantes: O Que É, Quando Fazer e Por Que É Obrigatório"
https://www.regeengenharia.com.br/blog/laudo-tecnico-engenharia-navegantes,https://www.regeengenharia.com.br/images/laudo-tecnico.png,"Laudo Técnico de Engenharia em Navegantes SC: Guia Completo para Quando e Por Que Você Precisa"
https://www.regeengenharia.com.br/blog/trincas-e-rachaduras-no-litoral,https://www.regeengenharia.com.br/images/Trincas e Rachaduras.png,"Trincas e Rachaduras no Litoral: Como a Engenharia Avalia os Danos"
https://www.regeengenharia.com.br/blog/reformas-meia-praia-navegantes,https://www.regeengenharia.com.br/images/obra-residencial.png,"Reformas em Meia Praia Navegantes SC: Guia Completo para Imóveis de Alto Padrão na Orla"
https://www.regeengenharia.com.br/blog/laudos-de-engenharia-navegantes,https://www.regeengenharia.com.br/images/regularizacao.png,"Laudos de Engenharia em Navegantes SC: Guia Completo dos Tipos e Quando Você Precisa"
https://www.regeengenharia.com.br/blog/setor-da-construcao-civil-navegantes,https://www.regeengenharia.com.br/images/construtora.png,"Construção Civil em Navegantes SC: O Setor que Impulsiona o Litoral Norte"
https://www.regeengenharia.com.br/blog/projeto-de-reforma-navegantes,https://www.regeengenharia.com.br/images/projeto-arquitetonico.png,"Projeto de Reforma em Navegantes SC: Guia Completo para Reformar com Segurança"
https://www.regeengenharia.com.br/blog/engenheiro-civil-barra-velha,https://www.regeengenharia.com.br/images/obra-residencial.png,"Engenheiro Civil em Barra Velha SC: Guia Completo para Construir no Litoral Norte"
https://www.regeengenharia.com.br/blog/preciso-de-engenheiro-civil-para-pequena-reforma,https://www.regeengenharia.com.br/images/projeto-arquitetonico.png,"Preciso de Engenheiro Civil para Pequena Reforma? Quando é Obrigatório"
https://www.regeengenharia.com.br/blog/engenharia-de-seguranca-do-trabalho-navegantes,https://www.regeengenharia.com.br/images/construtora.png,"Engenharia de Segurança do Trabalho em Navegantes SC: Proteja sua Equipe e sua Empresa"
https://www.regeengenharia.com.br/blog/retrofit-predial-navegantes,https://www.regeengenharia.com.br/images/obra-comercial.png,"Retrofit Predial em Navegantes SC: Modernize seu Imóvel e Aumente seu Valor"
https://www.regeengenharia.com.br/blog/codigo-de-obras-navegantes,https://www.regeengenharia.com.br/images/projeto-arquitetonico.png,"Código de Obras de Navegantes SC: Regras Essenciais para Construir sem Dor de Cabeça"
https://www.regeengenharia.com.br/blog/regularizacao-de-obras-navegantes,https://www.regeengenharia.com.br/images/regularizacao.png,"Regularização de Obras em Navegantes SC: Guia Técnico Completo"
https://www.regeengenharia.com.br/blog/projeto-de-fundacoes-navegantes,https://www.regeengenharia.com.br/images/obra-residencial.png,"Projeto de Fundações em Navegantes SC: Guia Completo para Construir com Segurança"
https://www.regeengenharia.com.br/blog/habite-se-navegantes,https://www.regeengenharia.com.br/images/etapas-aprovacao-prefeitura-bombeiros-cartorio.png,"Habite-se em Navegantes SC: Guia Completo para Regularizar seu Imóvel"
https://www.regeengenharia.com.br/blog/avaliacao-de-imoveis-navegantes,https://www.regeengenharia.com.br/images/obra-residencial.png,"Avaliação de Imóveis em Navegantes SC: Quanto Vale o Seu Imóvel e Como Descobrir"
https://www.regeengenharia.com.br/blog/pericia-judicial-engenharia-navegantes,https://www.regeengenharia.com.br/images/construtora.png,"Perícia Judicial de Engenharia em Navegantes SC: Como Funciona na Comarca"
https://www.regeengenharia.com.br/blog/alvara-de-construcao-navegantes,https://www.regeengenharia.com.br/images/regularizacao.png,"Alvará de Construção em Navegantes SC: Documentos, Passo a Passo e Prazos"
https://www.regeengenharia.com.br/blog/alvara-de-construcao-centro-navegantes,https://www.regeengenharia.com.br/images/alvara-construcao.png,"Alvará de Construção no Centro de Navegantes: Documentos, Prazos e Regras Específicas"
https://www.regeengenharia.com.br/blog/art-engenharia-navegantes,https://www.regeengenharia.com.br/images/etapas-aprovacao-prefeitura-bombeiros-cartorio.png,"ART Engenharia em Navegantes SC: Como Emitir, Verificar e Regularizar sua Obra"
https://www.regeengenharia.com.br/blog/execucao-de-obras-navegantes,https://www.regeengenharia.com.br/images/construtora.png,"Execução de Obras em Navegantes SC: Guia Completo da Fundação à Entrega"
https://www.regeengenharia.com.br/blog/regularizar-construcao-sem-projeto-aprovado,https://www.regeengenharia.com.br/images/regularizacao.png,"Como Regularizar uma Construção Feita sem Projeto Aprovado em Navegantes?"
https://www.regeengenharia.com.br/blog/engenharia-civil-balneario-camboriu,https://www.regeengenharia.com.br/images/obra-comercial.png,"Engenharia Civil em Balneário Camboriú SC: Guia para Construir na Cidade dos Arranha-céus"
https://www.regeengenharia.com.br/blog/firma-de-engenharia-navegantes,https://www.regeengenharia.com.br/images/regeengenharia.png,"Firma de Engenharia em Navegantes SC: Estrutura, Serviços e Vantagens"
https://www.regeengenharia.com.br/blog/servicos-de-engenharia-civil-navegantes,https://www.regeengenharia.com.br/images/obra-comercial.png,"Serviços de Engenharia Civil em Navegantes: Guia Completo dos Serviços que a Cidade Precisa"
https://www.regeengenharia.com.br/blog/construcao-civil-navegantes,https://www.regeengenharia.com.br/images/obra-residencial.png,"Construção Civil em Navegantes SC: Panorama do Mercado e Guia para Construir"
https://www.regeengenharia.com.br/blog/quanto-tempo-demora-um-projeto-estrutural,https://www.regeengenharia.com.br/images/projeto-arquitetonico.png,"Quanto Tempo Demora um Projeto Estrutural? Prazos Reais e o que Influencia"
https://www.regeengenharia.com.br/blog/manutencao-predial-navegantes,https://www.regeengenharia.com.br/images/rege-engenharia.png,"Manutenção Predial em Navegantes: Guia Completo para Proteger seu Condomínio"
https://www.regeengenharia.com.br/blog/escritorio-de-engenharia-navegantes,https://www.regeengenharia.com.br/images/construtora.png,"Escritório de Engenharia em Navegantes SC: Como Escolher o Parceiro Técnico Certo"
https://www.regeengenharia.com.br/blog/o-que-e-patologia-construtiva,https://www.regeengenharia.com.br/images/obra-residencial.png,"O que é Patologia Construtiva? Guia Completo sobre as Doenças das Edificações"
https://www.regeengenharia.com.br/blog/engenheiro-civil-para-laudo-de-infiltracao,https://www.regeengenharia.com.br/images/regularizacao.png,"Engenheiro Civil para Laudo de Infiltração: Quando Contratar e Como Funciona"
https://www.regeengenharia.com.br/blog/projeto-de-acessibilidade-navegantes,https://www.regeengenharia.com.br/images/obra-comercial.png,"Projeto de Acessibilidade em Navegantes SC: Guia Completo (NBR 9050)"
https://www.regeengenharia.com.br/blog/engenharia-civil-navegantes-sc,https://www.regeengenharia.com.br/images/hero-rege.png,"Engenharia Civil em Navegantes SC: Guia Completo para Construir com Segurança"
https://www.regeengenharia.com.br/blog/engenheiro-civil-pericia-judicial,https://www.regeengenharia.com.br/images/regeengenharia.png,"Engenheiro Civil para Perícia Judicial: Guia Completo do Laudo Pericial (CPC)"
https://www.regeengenharia.com.br/blog/como-evitar-problemas-na-construcao,https://www.regeengenharia.com.br/images/projeto-arquitetonico.png,"Como Evitar Problemas na Construção: Guia Completo para uma Obra Sem Surpresas"
https://www.regeengenharia.com.br/blog/recuperacao-estrutural-navegantes,https://www.regeengenharia.com.br/images/obra-comercial.png,"Recuperação Estrutural em Navegantes SC: Guia Completo para Salvar sua Estrutura"
https://www.regeengenharia.com.br/blog/engenharia-civil-residencial-navegantes,https://www.regeengenharia.com.br/images/obra-residencial.png,"Engenharia Civil Residencial em Navegantes SC: Guia Completo para Construir sua Casa"
https://www.regeengenharia.com.br/blog/planta-baixa-navegantes,https://www.regeengenharia.com.br/images/projeto-arquitetonico.png,"Planta Baixa em Navegantes SC: O que é, Como Fazer e Como Aprovar na Prefeitura"
https://www.regeengenharia.com.br/blog/regularizar-imovel-navegantes,https://www.regeengenharia.com.br/images/regularizacao.png,"Como Regularizar um Imóvel em Navegantes SC: Guia Completo Passo a Passo"
https://www.regeengenharia.com.br/blog/documentos-regularizar-imovel-navegantes,https://www.regeengenharia.com.br/images/regularizacao.png,"Documentos para Regularizar um Imóvel em Navegantes: Checklist Completo"
https://www.regeengenharia.com.br/blog/reforma-residencial-navegantes,https://www.regeengenharia.com.br/images/obra-residencial.png,"Reforma Residencial em Navegantes SC: Guia Completo para Reformar com Segurança"
https://www.regeengenharia.com.br/blog/gerenciamento-de-obras-navegantes,https://www.regeengenharia.com.br/images/regeengenharia.png,"Gerenciamento de Obras em Navegantes SC: Guia Completo de Gestão de Construção"
https://www.regeengenharia.com.br/blog/fiscalizacao-de-obras-navegantes,https://www.regeengenharia.com.br/images/construtora.png,"Fiscalização de Obras em Navegantes SC: Guia Completo para Proteger seu Patrimônio"
https://www.regeengenharia.com.br/blog/patologias-construtivas,https://www.regeengenharia.com.br/images/regeengenharia.png,"Patologias Construtivas: Guia Completo dos Problemas nas Edificações"
https://www.regeengenharia.com.br/blog/vistoria-cautelar-navegantes,https://www.regeengenharia.com.br/images/obra-comercial.png,"Vistoria Cautelar em Navegantes SC: Proteja sua Obra de Disputas Judiciais"
https://www.regeengenharia.com.br/blog/contratar-engenheiro-civil-navegantes,https://www.regeengenharia.com.br/images/construtora.png,"Como Contratar Engenheiro Civil em Navegantes SC: Guia Completo"
https://www.regeengenharia.com.br/blog/aprovacao-de-projetos-prefeitura-navegantes,https://www.regeengenharia.com.br/images/etapas-aprovacao-prefeitura-bombeiros-cartorio.png,"Aprovação de Projetos na Prefeitura de Navegantes SC: Guia Passo a Passo"
https://www.regeengenharia.com.br/blog/engenharia-diagnostica-navegantes,https://www.regeengenharia.com.br/images/obra-residencial.png,"Engenharia Diagnóstica em Navegantes SC: Diagnóstico de Patologias com Precisão"
https://www.regeengenharia.com.br/blog/engenheiro-civil-navegantes,https://www.regeengenharia.com.br/images/sobre-nos.png,"Engenheiro Civil em Navegantes SC: O que Faz, Quando Contratar e Como Encontrar"
https://www.regeengenharia.com.br/blog/construcao-sustentavel-navegantes,https://www.regeengenharia.com.br/images/hero-rege.png,"Construção Sustentável em Navegantes SC: Construir Economizando e Protegendo o Meio Ambiente"
https://www.regeengenharia.com.br/blog/empresa-de-engenharia-civil-litoral-santa-catarina,https://www.regeengenharia.com.br/images/regeengenharia.png,"Empresa de Engenharia Civil no Litoral de Santa Catarina: Por que a Regê é a Escolha Certa"
https://www.regeengenharia.com.br/blog/reformas-de-engenharia-navegantes,https://www.regeengenharia.com.br/images/obra-comercial.png,"Reformas de Engenharia em Navegantes SC: Quando a Reforma Exige Projeto e Responsável Técnico"
https://www.regeengenharia.com.br/blog/manutencao-estrutural-apartamento-meia-praia,https://www.regeengenharia.com.br/images/rege-engenharia.png,"Manutenção Estrutural: Como Cuidar do Seu Apartamento em Meia Praia"
https://www.regeengenharia.com.br/blog/avaliacoes-imoveis-risco-estrutural-mar-navegantes,https://www.regeengenharia.com.br/images/obra-residencial.png,"Avaliações Necessárias para Imóveis com Risco Estrutural Próximos ao Mar em Navegantes"
https://www.regeengenharia.com.br/blog/engenharia-de-avaliacao-terreno-navegantes,https://www.regeengenharia.com.br/images/regularizacao.png,"Engenharia de Avaliação: O Preço Justo de um Terreno em Navegantes"
https://www.regeengenharia.com.br/blog/normas-restricoes-construir-loteamentos-fechados-navegantes,https://www.regeengenharia.com.br/images/obra-residencial.png,"Construção em Loteamentos Fechados de Navegantes: Normas e Restrições"
https://www.regeengenharia.com.br/blog/riscos-construir-sem-acompanhamento-engenharia,https://www.regeengenharia.com.br/images/obra-comercial.png,"Os Riscos de Construir Sem Acompanhamento de Engenharia: Por Que o Técnico é Essencial"
https://www.regeengenharia.com.br/blog/projetos-que-constroem-mais-que-obras,https://www.regeengenharia.com.br/images/projeto-arquitetonico.png,"Projetos que Constroem Mais Que Obras"
https://www.regeengenharia.com.br/blog/acompanhamento-tecnico-de-obra,https://www.regeengenharia.com.br/images/regeengenharia.png,"Construir sem Dor de Cabeça: O Guia Completo para Planejar e Executar sua Obra com Segurança"
https://www.regeengenharia.com.br/blog/aprovacao-de-projetos,https://www.regeengenharia.com.br/images/etapas-aprovacao-prefeitura-bombeiros-cartorio.png,"Como Funciona a Aprovação de Projetos: Guia Completo para Construir Sem Dor de Cabeça"
https://www.regeengenharia.com.br/blog/custo-de-obra-2026,https://www.regeengenharia.com.br/images/obra-residencial.png,"Custo de obra em 2026: Como planejar seu orçamento sem surpresas"
https://www.regeengenharia.com.br/blog/como-escolher-construtora,https://www.regeengenharia.com.br/images/construtora.png,"Como escolher a melhor construtora para sua obra residencial"
https://www.regeengenharia.com.br/blog/construcao-chave-na-mao-turnkey,https://www.regeengenharia.com.br/images/obra-residencial.png,"Como funciona o sistema de construção Chave na Mão (Turnkey)?"
https://www.regeengenharia.com.br/blog/7-etapas-construcao-civil,https://www.regeengenharia.com.br/images/rege-engenharia.png,"As 7 etapas da construção civil: Do terreno à entrega das chaves"
https://www.regeengenharia.com.br/blog/5-erros-planta-da-casa,https://www.regeengenharia.com.br/images/projeto-arquitetonico.png,"5 erros comuns na hora de desenhar a planta da sua casa"
https://www.regeengenharia.com.br/blog/averbacao-de-imovel,https://www.regeengenharia.com.br/images/regularizacao.png,"Averbação de imóvel: O que é e por que você deve fazer?"
https://www.regeengenharia.com.br/blog/sondagem-de-solo-fundacao,https://www.regeengenharia.com.br/images/obra-comercial.png,"A importância da sondagem de solo para a fundação da sua obra"
https://www.regeengenharia.com.br/blog/importancia-projeto-engenharia,https://www.regeengenharia.com.br/images/projeto-arquitetonico.png,"A Importância de um Bom Projeto de Engenharia para o Sucesso da Obra"
https://www.regeengenharia.com.br/blog/engenheiro-civil-laudo-infiltracao,https://www.regeengenharia.com.br/images/regularizacao.png,"Engenheiro Civil para Laudo de Infiltração: Como Funciona e Por Que Contratar?"
https://www.regeengenharia.com.br/blog/projeto-de-engenharia-navegantes,https://www.regeengenharia.com.br/images/projeto-arquitetonico.png,"Projeto de Engenharia em Navegantes SC: Guia Completo para sua Obra"
https://www.regeengenharia.com.br/blog/o-que-e-art-engenharia,https://www.regeengenharia.com.br/images/regularizacao.png,"O que é ART de Engenharia e por que ela é obrigatória na sua obra?"
https://www.regeengenharia.com.br/blog/reforma-comercial-navegantes,https://www.regeengenharia.com.br/images/obra-comercial.png,"Reforma Comercial em Navegantes SC: Guia Completo para Transformar seu Negócio"
https://www.regeengenharia.com.br/blog/laudo-de-avaliacao-de-imovel-navegantes,https://www.regeengenharia.com.br/images/regularizacao.png,"Laudo de Avaliação de Imóvel em Navegantes SC: Guia Completo"
https://www.regeengenharia.com.br/blog/construcao-de-galpoes-navegantes,https://www.regeengenharia.com.br/images/obra-comercial.png,"Construção de Galpões em Navegantes SC: Guia Completo para Empresas e Investidores"
https://www.regeengenharia.com.br/blog/impermeabilizacao-em-navegantes,https://www.regeengenharia.com.br/images/obra-residencial.png,"Impermeabilização em Navegantes: Como Proteger Sua Obra da Maresia e Umidade"
https://www.regeengenharia.com.br/blog/projeto-eletrico-navegantes,https://www.regeengenharia.com.br/images/projeto-arquitetonico.png,"Projeto Elétrico em Navegantes SC: Guia Completo para sua Obra"
https://www.regeengenharia.com.br/blog/calculo-estrutural-navegantes,https://www.regeengenharia.com.br/images/projeto-arquitetonico.png,"Cálculo Estrutural em Navegantes SC: Guia Completo para sua Obra"
https://www.regeengenharia.com.br/blog/construcao-de-casas-navegantes,https://www.regeengenharia.com.br/images/obra-residencial.png,"Construção de Casas em Navegantes SC: Guia Completo para Realizar o Sonho"
https://www.regeengenharia.com.br/blog/legalizacao-de-obras-navegantes,https://www.regeengenharia.com.br/images/regularizacao.png,"Legalização de Obras em Navegantes SC: Guia Completo para Regularizar seu Imóvel"
https://www.regeengenharia.com.br/blog/licenca-de-obras-navegantes,https://www.regeengenharia.com.br/images/construtora.png,"Licença de Obras em Navegantes SC: Como Obter a Autorização para Construir, Reformar ou Demolir"
https://www.regeengenharia.com.br/blog/prefeitura-navegantes-aprova-projetos-em-30-dias,https://www.regeengenharia.com.br/images/regularizacao.png,"Aprovação de Projetos na Prefeitura de Navegantes SC: Guia Completo de Trâmites e Prazos"
https://www.regeengenharia.com.br/blog/plano-diretor-navegantes,https://www.regeengenharia.com.br/images/etapas-aprovacao-prefeitura-bombeiros-cartorio.png,"Plano Diretor de Navegantes SC: O que Você Precisa Saber para Construir e Investir"
https://www.regeengenharia.com.br/blog/patologias-construtivas-navegantes,https://www.regeengenharia.com.br/images/construtora.png,"Patologias Construtivas em Navegantes SC: Causas, Diagnóstico e Como Resolver"
https://www.regeengenharia.com.br/blog/engenheiro-civil-camboriu,https://www.regeengenharia.com.br/images/sobre-nos.png,"Engenheiro Civil em Camboriú SC: Como Escolher o Profissional Certo para sua Obra"
https://www.regeengenharia.com.br/blog/engenheiro-civil-para-reforma,https://www.regeengenharia.com.br/images/obra-residencial.png,"É Necessário Engenheiro Civil para Reforma? Entenda Quando é Obrigatório"
https://www.regeengenharia.com.br/blog/projeto-de-reforma-comercial-navegantes,https://www.regeengenharia.com.br/images/obra-comercial.png,"Projeto de Reforma Comercial em Navegantes SC: Guia Completo para Transformar seu Negócio"
https://www.regeengenharia.com.br/blog/empresa-de-engenharia-civil-sc,https://www.regeengenharia.com.br/images/construtora.png,"Empresa de Engenharia Civil em SC: Como Escolher a Parceira Certa para sua Obra"
https://www.regeengenharia.com.br/blog/diferenca-entre-engenheiro-civil-e-arquiteto,https://www.regeengenharia.com.br/images/projeto-arquitetonico.png,"Diferença entre Engenheiro Civil e Arquiteto: Quem Contratar para Cada Obra"
https://www.regeengenharia.com.br/blog/gerenciamento-de-obra-residencial-navegantes,https://www.regeengenharia.com.br/images/obra-residencial.png,"Gerenciamento de Obra Residencial em Navegantes SC: Tudo o que o Proprietário Precisa Saber"
https://www.regeengenharia.com.br/blog/projetos-residenciais-navegantes,https://www.regeengenharia.com.br/images/obra-residencial.png,"Projetos Residenciais em Navegantes SC: Guia Completo para a Casa dos Sonhos"
https://www.regeengenharia.com.br/blog/projetos-industriais-navegantes,https://www.regeengenharia.com.br/images/obra-comercial.png,"Projetos Industriais em Navegantes SC: Guia Completo para sua Fábrica ou Planta"
https://www.regeengenharia.com.br/blog/projetos-industriais-machados,https://www.regeengenharia.com.br/images/obra-comercial.png,"Projetos Industriais em Machados (Navegantes SC): Guia Completo para sua Indústria"
https://www.regeengenharia.com.br/blog/galpoes-machados-sc,https://www.regeengenharia.com.br/images/obra-comercial.png,"Galpões em Machados SC: Guia Completo para Investidores e Empresas"
https://www.regeengenharia.com.br/blog/hidrossanitario-em-navegantes-normas-locais-praticas-eficientes,https://www.regeengenharia.com.br/images/projeto-arquitetonico.png,"Hidrossanitário em Navegantes: Normas Locais e Práticas Eficientes"
https://www.regeengenharia.com.br/blog/materiais-sustentaveis-clima-litoraneo-navegantes,https://www.regeengenharia.com.br/images/obra-residencial.png,"Materiais Sustentáveis para o Clima Litorâneo de Navegantes: Guia Completo"
https://www.regeengenharia.com.br/blog/engenharia-na-obra-como-evitar-prejuizos-e-atrasos,https://www.regeengenharia.com.br/images/obra-comercial.png,"Engenharia na Obra: Como Evitar Prejuízos e Atrasos"
https://www.regeengenharia.com.br/blog/engenheiro-garante-durabilidade-casa-litoral,https://www.regeengenharia.com.br/images/obra-residencial.png,"Como um Engenheiro Garante a Durabilidade da Sua Casa no Litoral"
https://www.regeengenharia.com.br/blog/sistemas-de-esgoto-em-solo-arenoso-solucoes-navegantes,https://www.regeengenharia.com.br/images/obra-comercial.png,"Sistemas de Esgoto em Solo Arenoso: Soluções de Engenharia para Navegantes"
https://www.regeengenharia.com.br/blog/acompanhamento-de-obra-porque-voce-precisa-de-um-engenheiro-civil,https://www.regeengenharia.com.br/images/obra-comercial.png,"Acompanhamento de Obra: Por Que Você Precisa de um Engenheiro Civil?"
https://www.regeengenharia.com.br/blog/engenheiro-vs-mestre-de-obras,https://www.regeengenharia.com.br/images/obra-residencial.png,"Engenheiro vs. Mestre de Obras: Qual a Diferença na Sua Construção?"
https://www.regeengenharia.com.br/blog/importancia-da-art-em-obras-litoral-norte-sc,https://www.regeengenharia.com.br/images/obra-comercial.png,"A Importância da Anotação de Responsabilidade Técnica (ART) em Obras no Litoral Norte de SC"
https://www.regeengenharia.com.br/blog/por-que-contratar-engenheiro-reforma-navegantes,https://www.regeengenharia.com.br/images/obra-residencial.png,"Por Que Contratar um Engenheiro para sua Reforma em Navegantes?"
https://www.regeengenharia.com.br/blog/como-engenheiro-resolve-problemas-estruturais-antes-que-piporem,https://www.regeengenharia.com.br/images/obra-residencial.png,"Como um Engenheiro Resolve Problemas Estruturais Antes que Piorem"
https://www.regeengenharia.com.br/blog/licenciamento-ambiental-obras-areas-preservacao-navegantes,https://www.regeengenharia.com.br/images/obra-residencial.png,"Entenda o Processo de Licenciamento Ambiental para Obras em Áreas de Preservação em Navegantes"
https://www.regeengenharia.com.br/blog/materiais-resistentes-salinidade-construcao-navegantes,https://www.regeengenharia.com.br/images/obra-residencial.png,"Materiais Resistentes à Salinidade: Guia de Engenharia para Construção em Navegantes"
https://www.regeengenharia.com.br/blog/como-identificar-e-avaliar-trincas-e-rachaduras-em-edificacoes-litoraneas,https://www.regeengenharia.com.br/images/obra-residencial.png,"Como Identificar e Avaliar Trincas e Rachaduras em Edificações Litorâneas"
https://www.regeengenharia.com.br/blog/quando-contratar-laudo-estrutural-navegantes-sinais-alerta-casa,https://www.regeengenharia.com.br/images/obra-residencial.png,"Quando Contratar um Laudo Estrutural em Navegantes? Sinais de Alerta na Sua Casa"
https://www.regeengenharia.com.br/blog/como-identificar-avaliar-trincas-rachaduras-edificacoes-litoraneas,https://www.regeengenharia.com.br/images/obra-residencial.png,"Como Identificar e Avaliar Trincas e Rachaduras em Edificações Litorâneas"
https://www.regeengenharia.com.br/blog/como-manter-estrutura-apartamento-meia-praia-navegantes,https://www.regeengenharia.com.br/images/projeto-arquitetonico.png,"Guia Prático: Como Manter a Estrutura do Seu Apartamento em Meia Praia"
https://www.regeengenharia.com.br/blog/o-que-fazer-em-caso-de-suspeita-de-desabamento,https://www.regeengenharia.com.br/images/obra-comercial.png,"O Que Fazer em Caso de Suspeita de Desabamento?"
https://www.regeengenharia.com.br/blog/o-que-fazer-em-caso-de-desabamento-ou-colapso-estrutural,https://www.regeengenharia.com.br/images/obra-comercial.png,"O Que Fazer em Caso de Suspeita de Desabamento ou Colapso Estrutural"
https://www.regeengenharia.com.br/blog/engenharia-avalicao-como-calcular-valor-terreno-navegantes,https://www.regeengenharia.com.br/images/obra-residencial.png,"Engenharia de Avaliação: Como Calcular o Valor Real de um Terreno em Navegantes"
https://www.regeengenharia.com.br/blog/tendencias-mercado-imobiliario-navegantes-bairros-em-alta,https://www.regeengenharia.com.br/images/mercado-imobiliario-navegantes.png,"Tendências do Mercado Imobiliário em Navegantes: Bairros em Alta (Gravatá Centro e São Domingos)"
https://www.regeengenharia.com.br/blog/como-adicionar-metragem-quadrada-casa-navegantes,https://www.regeengenharia.com.br/images/obra-residencial.png,"Como Adicionar Metragem Quadrada à Sua Casa em Navegantes: Guia Completo de Projeto e Aprovação"
https://www.regeengenharia.com.br/blog/engenharia-de-custos-construir-1m2-navegantes-2025-2026,https://www.regeengenharia.com.br/images/obra-residencial.png,"Engenharia de Custos: Quanto Custa Construir 1m² em Navegantes em 2025/2026?"
https://www.regeengenharia.com.br/blog/valorizacao-imobiliaria-navegantes-novas-infraestruturas-porto,https://www.regeengenharia.com.br/images/projeto-arquitetonico.png,"Valorização Imobiliária em Navegantes: O Impacto das Novas Infraestruturas do Porto"
https://www.regeengenharia.com.br/blog/casa-ventilacao-natural-verao-navegantes,https://www.regeengenharia.com.br/images/obra-residencial.png,"Como Projetar uma Casa com Ventilação Natural para Enfrentar o Verão Quente em Navegantes"
https://www.regeengenharia.com.br/blog/energia-solar-litoral-norte-sc-viabilidade-retorno,https://www.regeengenharia.com.br/images/Energia Solar.png,"Energia Solar no Litoral Norte de SC: Viabilidade e Retorno de Investimento"
https://www.regeengenharia.com.br/blog/instalacao-fossa-septica-filtro-terrenos-arenosos,https://www.regeengenharia.com.br/images/obra-residencial.png,"Como Instalar um Sistema de Tratamento de Esgoto (Fossa Séptica e Filtro) em Terrenos Arenosos"
https://www.regeengenharia.com.br/blog/automacao-residencial-tendencias-casas-alto-padrao-navegantes,https://www.regeengenharia.com.br/images/projeto-arquitetonico.png,"Automação Residencial: Tendências para Casas de Alto Padrão em Navegantes"
https://www.regeengenharia.com.br/blog/5-passos-aprovar-projeto-construcao-prefeitura-navegantes,https://www.regeengenharia.com.br/images/projeto-arquitetonico.png,"5 Passos para Aprovar Seu Projeto de Construção na Prefeitura de Navegantes"
https://www.regeengenharia.com.br/blog/sustentabilidade-construcao-civil-materiais-ecologicos-clima-navegantes,https://www.regeengenharia.com.br/images/obra-residencial.png,"Sustentabilidade na Construção Civil: Materiais Ecológicos para o Clima de Navegantes"
https://www.regeengenharia.com.br/blog/dicas-engenharia-comprar-terrenos-navegantes,https://www.regeengenharia.com.br/images/projeto-arquitetonico.png,"Dicas de Engenharia para Comprar Terrenos com Boa Relação Custo-Benefício em Navegantes"
https://www.regeengenharia.com.br/blog/gestao-residuos-obras-descarte-correto-navegantes-itajai,https://www.regeengenharia.com.br/images/construtora.png,"Gestão de Resíduos em Obras: Descarte Correto na Região de Navegantes e Itajaí"
https://www.regeengenharia.com.br/blog/laudo-eficiencia-energetica-edificacoes-santa-catarina,https://www.regeengenharia.com.br/images/obra-comercial.png,"A Importância do Laudo de Eficiência Energética para Edificações em Santa Catarina"
https://www.regeengenharia.com.br/blog/drenagem-urbana-terrenos-litoraneos-evitar-alagamentos,https://www.regeengenharia.com.br/images/obra-residencial.png,"Drenagem Urbana em Terrenos Litorâneos: Como Evitar Alagamentos na Sua Propriedade"
https://www.regeengenharia.com.br/blog/problemas-maresia-construcao-navegantes,https://www.regeengenharia.com.br/images/obra-comercial.png,"Problemas de Maresia na Construção em Navegantes: Guia Completo de Prevenção e Solução"
https://www.regeengenharia.com.br/blog/infiltracoes-em-predios-navegantes,https://www.regeengenharia.com.br/images/obra-residencial.png,"Infiltrações em Prédios Navegantes: Causas, Identificação e Soluções"
https://www.regeengenharia.com.br/blog/engenharia-sustentavel-navegantes,https://www.regeengenharia.com.br/images/obra-residencial.png,"Engenharia Sustentável em Navegantes: Como Construir com Consciência no Litoral"
https://www.regeengenharia.com.br/blog/consultoria-de-engenharia-navegantes,https://www.regeengenharia.com.br/images/obra-comercial.png,"Consultoria de Engenharia em Navegantes: Guia Completo para Proteger seu Patrimônio"
https://www.regeengenharia.com.br/blog/projeto-estrutural-reformas-pequenas,https://www.regeengenharia.com.br/images/obra-residencial.png,"Preciso de Projeto Estrutural Mesmo em Reformas Pequenas?"
https://www.regeengenharia.com.br/blog/quanto-tempo-demora-projeto-aprovado,https://www.regeengenharia.com.br/images/obra-comercial.png,"Quanto Tempo Leva para um Projeto Ficar Pronto e Aprovado?"
https://www.regeengenharia.com.br/blog/quanto-custa-projeto-engenharia-construir-casa,https://www.regeengenharia.com.br/images/obra-residencial.png,"Quanto Custa um Projeto de Engenharia para Construir uma Casa?"
https://www.regeengenharia.com.br/blog/documentos-aprovacao-projeto-prefeitura-navegantes,https://www.regeengenharia.com.br/images/projeto-arquitetonico.png,"Documentos Exigidos para Aprovar um Projeto na Prefeitura de Navegantes"
https://www.regeengenharia.com.br/blog/engenharia-civil-gravata-navegantes,https://www.regeengenharia.com.br/images/projeto-arquitetonico.png,"Engenharia Civil em Gravatá e Navegantes: Construindo com Segurança em Dois Mundos"
https://www.regeengenharia.com.br/blog/regularizacao-fundiaria-reurb-navegantes,https://www.regeengenharia.com.br/images/regularizacao.png,"Regularização Fundiária em Navegantes: Reurb, Matrículas e Usucapião"
https://www.regeengenharia.com.br/blog/riscos-de-construir-sem-engenheiro,https://www.regeengenharia.com.br/images/obra-residencial.png,"Quais os Riscos de Construir Sem Engenheiro? Os 9 Riscos que Podem Custar sua Obra"
https://www.regeengenharia.com.br/blog/o-que-e-laudo-tecnico-engenharia,https://www.regeengenharia.com.br/images/laudo-tecnico.png,"O Que é Laudo Técnico de Engenharia? Definição, Tipos e Quando Você Precisa"
https://www.regeengenharia.com.br/blog/o-que-e-pericia-de-engenharia,https://www.regeengenharia.com.br/images/pericia-engenharia.png,"O Que é Perícia de Engenharia? Definição, Tipos e Como Funciona"
https://www.regeengenharia.com.br/blog/servicos-de-engenharia-sao-domingos-navegantes,https://www.regeengenharia.com.br/images/obra-residencial.png,"Serviços de Engenharia em São Domingos, Navegantes/SC: Projetos, Obras e Regularização no Bairro"
https://www.regeengenharia.com.br/blog/engenharia-sao-domingos-navegantes,https://www.regeengenharia.com.br/images/obra-residencial.png,"Engenharia São Domingos Navegantes: Obras no Bairro Com Segurança e Qualidade"
https://www.regeengenharia.com.br/blog/empresa-de-engenharia-civil-confiavel-navegantes,https://www.regeengenharia.com.br/images/regeengenharia.png,"Empresa de Engenharia Civil Confiável em Navegantes: Como Identificar e Contratar com Segurança"
https://www.regeengenharia.com.br/blog/engenharia-sao-domingos-projetos-qualidade-navegantes,https://www.regeengenharia.com.br/images/projeto-arquitetonico.png,"Engenharia São Domingos Navegantes: Projetos de Qualidade que Valorizam seu Imóvel"
https://www.regeengenharia.com.br/blog/engenharia-civil-para-condominios-navegantes,https://www.regeengenharia.com.br/images/obra-comercial.png,"Engenharia Civil para Condomínios em Navegantes/SC: Inspeção, Laudos e Reformas em Áreas Comuns"
https://www.regeengenharia.com.br/blog/escritorio-engenharia-civil-como-funciona-navegantes,https://www.regeengenharia.com.br/images/construtora.png,"Escritório de Engenharia Civil em Navegantes: Como Funciona por Dentro"
https://www.regeengenharia.com.br/blog/prazo-aprovacao-projeto-prefeitura,https://www.regeengenharia.com.br/images/etapas-aprovacao-prefeitura-bombeiros-cartorio.png,"Qual o Prazo para Aprovação de Projeto na Prefeitura? Timeline Real para Construir sem Atraso"
https://www.regeengenharia.com.br/blog/regularizar-construcao-antiga-navegantes,https://www.regeengenharia.com.br/images/obra-residencial.png,"Como Regularizar uma Construção Antiga em Navegantes: Guia Completo"
https://www.regeengenharia.com.br/blog/engenharia-civil-bairro-gravata-navegantes,https://www.regeengenharia.com.br/images/obra-residencial.png,"Engenharia Civil no Bairro Gravatá de Navegantes/SC: Projetos, Reformas e Regularização no Bairro Tradicional"
https://www.regeengenharia.com.br/blog/conforto-design-beira-mar-navegantes,https://www.regeengenharia.com.br/images/obra-residencial.png,"Conforto e Design à Beira-Mar: Como Projetar uma Residência que Valoriza a Vida no Litoral"
https://www.regeengenharia.com.br/blog/seguranca-do-trabalho-na-construcao,https://www.regeengenharia.com.br/images/obra-comercial.png,"Segurança do Trabalho na Construção: Como Proteger sua Obra, sua Equipe e seu Bolso"
https://www.regeengenharia.com.br/blog/projetos-industriais-machado-galpoes-fabricas,https://www.regeengenharia.com.br/images/obra-comercial.png,"Projetos Industriais Machado (Navegantes SC): Soluções para Galpões e Fábricas"
https://www.regeengenharia.com.br/blog/imovel-irregular-navegantes-guia-engenharia-regularizacao,https://www.regeengenharia.com.br/images/regularizacao-imovel.png,"Imóvel Irregular em Navegantes? Veja o Guia de Engenharia para Regularização"
https://www.regeengenharia.com.br/blog/estudo-geotecnico-fundamental-obra-navegantes,https://www.regeengenharia.com.br/images/fundacao-obra.png,"Por Que o Estudo Geotécnico é Fundamental Para sua Obra em Navegantes"
https://www.regeengenharia.com.br/blog/garantir-qualidade-materiais-mao-de-obra,https://www.regeengenharia.com.br/images/obra-residencial.png,"Como Garantir a Qualidade dos Materiais e da Mão de Obra na Sua Obra"
https://www.regeengenharia.com.br/blog/engenheiro-civil-guardiao-seguranca-familia,https://www.regeengenharia.com.br/images/obra-residencial.png,"O Engenheiro Civil: O Guardião da Segurança da Sua Família"
https://www.regeengenharia.com.br/blog/contratar-engenheiro-regularizar-imovel,https://www.regeengenharia.com.br/images/regularizacao.png,"Por Que Contratar um Engenheiro para Regularizar Seu Imóvel?"
https://www.regeengenharia.com.br/blog/custo-construcao-m2-navegantes-litoral-sc-2025,https://www.regeengenharia.com.br/images/Custo Médio de Construção.png,"Quanto Custa Construir por m² em Navegantes e no Litoral de SC em 2025?"
https://www.regeengenharia.com.br/blog/consultoria-tecnica-antes-de-comprar-terreno,https://www.regeengenharia.com.br/images/obra-residencial.png,"Vale a pena contratar consultoria técnica antes de comprar um terreno?"
https://www.regeengenharia.com.br/blog/escritorio-engenharia-navegantes-solucoes-rege,https://www.regeengenharia.com.br/images/rege-engenharia.png,"Contratando um Escritório de Engenharia em Navegantes? Veja Nossas Soluções"
https://www.regeengenharia.com.br/blog/projetos-engenharia-navegantes-eficiencia-economia,https://www.regeengenharia.com.br/images/projeto-engenharia.png,"Projetos de Engenharia em Navegantes/SC: Eficiência e Economia do Projeto à Execução"
https://www.regeengenharia.com.br/blog/tendencias-inovacoes-construcao-civil-navegantes,https://www.regeengenharia.com.br/images/obra-comercial.png,"Tendências e Inovações na Construção Civil em Navegantes/SC"
https://www.regeengenharia.com.br/blog/laudos-engenharia-navegantes-analise-tecnica,https://www.regeengenharia.com.br/images/sobre-nos.png,"Laudos de Engenharia em Navegantes: Análise Técnica de Confiança"
https://www.regeengenharia.com.br/blog/engenheiro-civil-navegantes-analise-projetos-gestao-obras,https://www.regeengenharia.com.br/images/engenheiro-civil-navegantes.png,"Engenheiro Civil em Navegantes/SC: Análise, Projetos e Gestão de Obras"
https://www.regeengenharia.com.br/blog/regularizacao-obras-navegantes-evitar-multas-problemas,https://www.regeengenharia.com.br/images/regularizacao.png,"Regularização de Obras em Navegantes: Evite Multas e Problemas"
https://www.regeengenharia.com.br/blog/emitir-alvarar-construcao-navegantes-passo-a-passo,https://www.regeengenharia.com.br/images/etapas-aprovacao-prefeitura-bombeiros-cartorio.png,"Emitindo Alvará de Construção em Navegantes: Passo a Passo"
https://www.regeengenharia.com.br/blog/projeto-eletrico-como-a-rege-engenharia-ajuda,https://www.regeengenharia.com.br/images/obra-residencial.png,"Projeto Elétrico: O Que É, Por Que É Essencial e Como a Regê Engenharia Pode Ajudar"
https://www.regeengenharia.com.br/blog/relatorios-de-conformidade-tecnica,https://www.regeengenharia.com.br/images/obra-comercial.png,"Relatórios de Conformidade Técnica: O Que São, Quando São Exigidos e Por Que São Essenciais"
https://www.regeengenharia.com.br/blog/habite-se-em-penha,https://www.regeengenharia.com.br/images/obra-residencial.png,"Habite-se em Penha: Como Obter o Certificado de Conformidade do seu Imóvel"
https://www.regeengenharia.com.br/blog/laudos-conformidade-normas-regulamentadoras,https://www.regeengenharia.com.br/images/obra-comercial.png,"Laudos de Conformidade com Normas Regulamentadoras (NRs): Guia Completo para Empresas, Condominios e Obras em Navegantes SC"
https://www.regeengenharia.com.br/blog/plano-manutencao-predial-navegantes,https://www.regeengenharia.com.br/images/obra-residencial.png,"Plano de Manutencao Predial em Navegantes SC: Guia Completo com NBR 5674, Checklist e Modelo para Condominios"
https://www.regeengenharia.com.br/blog/projeto-de-instalacoes-especiais,https://www.regeengenharia.com.br/images/projeto-engenharia.png,"Projeto de Instalações Especiais: O Que É, Quais Sistemas Inclui e Por Que Sua Obra Precisa"
https://www.regeengenharia.com.br/blog/instalacoes-especiais-o-que-sao,https://www.regeengenharia.com.br/images/projeto-engenharia.png,"Instalações Especiais: O Que São, Quando São Obrigatórias e Como Contratar Sem Erro"
https://www.regeengenharia.com.br/blog/alvara-de-construcao-itajai,https://www.regeengenharia.com.br/images/obra-residencial.png,"Alvará de Construção em Itajaí SC: Documentos, Processo e Prazos Atualizados"
https://www.regeengenharia.com.br/blog/pericia-judicial,https://www.regeengenharia.com.br/images/construtora.png,"Perícia Judicial: O Que É, Como Funciona, Quanto Custa e Quando É Necessária"
https://www.regeengenharia.com.br/blog/projeto-drenagem-pluvial-navegantes,https://www.regeengenharia.com.br/images/obra-residencial.png,"Projeto de Drenagem Pluvial em Navegantes SC: Guia Completo para Evitar Alagamentos e Aprovar na Prefeitura"
https://www.regeengenharia.com.br/blog/sondagem-geotecnica-litoral-sc,https://www.regeengenharia.com.br/images/fundacao-obra.avif,"Sondagem Geotécnica: Como Funciona, Tipos e Por Que é Obrigatória no Litoral de SC"
https://www.regeengenharia.com.br/blog/gestao-de-obras,https://www.regeengenharia.com.br/images/obra-residencial.png,"Gestão de Obras: O Que É, Etapas, Ferramentas e Como Executar com Qualidade"
https://www.regeengenharia.com.br/blog/plano-gerenciamento-residuos-construcao,https://www.regeengenharia.com.br/images/obra-residencial.png,"Plano de Gerenciamento de Resíduos da Construção Civil (PGR): O Que É, Quando É Obrigatório e Como Elaborar"
https://www.regeengenharia.com.br/blog/retrofitting-de-edificacoes,https://www.regeengenharia.com.br/images/obra-comercial.png,"Retrofitting de Edificações: Como Modernizar, Aumentar a Eficiência e Valorizar Seu Imóvel"
https://www.regeengenharia.com.br/blog/laudo-de-estabilidade-estrutural,https://www.regeengenharia.com.br/images/analise-estrutura.png,"Laudo de Estabilidade Estrutural: O Que É, Quando Exigir e Como a Regê Engenharia Atesta a Segurança da Sua Edificação"
https://www.regeengenharia.com.br/blog/licenciamento-ambiental-navegantes,https://www.regeengenharia.com.br/images/obra-residencial.png,"Licenciamento Ambiental em Navegantes SC: Guia Completo para Obras, Empresas e Loteamentos"
https://www.regeengenharia.com.br/blog/averbacao-de-habite-se,https://www.regeengenharia.com.br/images/regularizacao.png,"Averbação do Habite-se: O Que É, Como Fazer, Documentos e Onde Averbar em Navegantes"
https://www.regeengenharia.com.br/blog/projeto-de-contencao-de-encostas,https://www.regeengenharia.com.br/images/obra-residencial.png,"Projeto de Contenção de Encostas: Tipos, Processo, Normas e Quando É Obrigatório"
https://www.regeengenharia.com.br/blog/compatibilizacao-de-projetos-navegantes,https://www.regeengenharia.com.br/images/projeto-arquitetonico.png,"Compatibilizacao de Projetos em Navegantes SC: Guia Completo para Evitar Retrabalho, Atrasos e Sobrecustos na Obra"
https://www.regeengenharia.com.br/blog/gestao-de-obras-como-evitar-atrasos-e-estouro-de-orcamento,https://www.regeengenharia.com.br/images/obra-comercial.png,"Gestão de Obras: Como Evitar Atrasos, Estouro de Orçamento e Retrabalho"
https://www.regeengenharia.com.br/blog/estudo-de-viabilidade-tecnica-e-economica,https://www.regeengenharia.com.br/images/obra-comercial.png,"Estudo de Viabilidade Técnica e Econômica: Como Avaliar Se Seu Projeto Vale a Pena"
https://www.regeengenharia.com.br/blog/laudo-de-patologias-prediais,https://www.regeengenharia.com.br/images/Trincas e Rachaduras.png,"Laudo de Patologias Prediais: Como Diagnosticar as Doenças do Seu Imóvel e Planejar o Reparo"
https://www.regeengenharia.com.br/blog/rt-engenharia-civil-navegantes,https://www.regeengenharia.com.br/images/obra-residencial.png,"RT Engenharia Civil em Navegantes SC: O que Faz o Responsavel Tecnico, Quando e Obrigatorio e Riscos de Obra sem RT"
https://www.regeengenharia.com.br/blog/averbacao-de-construcao,https://www.regeengenharia.com.br/images/regularizacao.png,"Averbação de Construção: O Que É, Como Fazer e Por Que É Essencial Para Regularizar Seu Imóvel"
https://www.regeengenharia.com.br/blog/projeto-prevencao-combate-incendios,https://www.regeengenharia.com.br/images/obra-comercial.png,"Projeto de Prevenção e Combate a Incêndios: O Que É, Normas, Etapas e Quando É Obrigatório"
https://www.regeengenharia.com.br/blog/emissao-habite-se-navegantes,https://www.regeengenharia.com.br/images/regularizacao.png,"Emissão de Habite-Se em Navegantes: O Que Exigir do Engenheiro e Arquiteto"
https://www.regeengenharia.com.br/blog/projeto-arquitetonico-vs-estrutural-navegantes,https://www.regeengenharia.com.br/images/obra-residencial.png,"Projeto Arquitetônico vs. Projeto Estrutural: Qual a Diferença na Aprovação em Navegantes?"
https://www.regeengenharia.com.br/blog/consultoria-normas-regulamentadoras,https://www.regeengenharia.com.br/images/obra-comercial.png,"Consultoria de Normas Regulamentadoras: O que é e por que sua Obra em Navegantes Precisa"
https://www.regeengenharia.com.br/blog/adequacao-as-normas-tecnicas,https://www.regeengenharia.com.br/images/analise-estrutura.png,"Adequação às Normas Técnicas: Por Que Sua Obra em Navegantes Precisa Estar Dentro da Lei"
https://www.regeengenharia.com.br/blog/engenharia-de-climatizacao-navegantes,https://www.regeengenharia.com.br/images/obra-comercial.png,"Engenharia de Climatização: Conforto Térmico e Eficiência que o Litoral de SC Exige"
https://www.regeengenharia.com.br/blog/treinamento-seguranca-do-trabalho,https://www.regeengenharia.com.br/images/construtora.png,"Treinamento de Segurança do Trabalho: O que é, Obrigatório em Quais Casos e Como Implementar"
https://www.regeengenharia.com.br/blog/manutencao-ar-condicionado-comercial,https://www.regeengenharia.com.br/images/obra-comercial.png,"Manutenção de Ar-Condicionado Comercial: Por que é Essencial no Litoral de SC"
https://www.regeengenharia.com.br/blog/laudo-de-estabilidade-navegantes,https://www.regeengenharia.com.br/images/analise-estrutura.png,"Laudo de Estabilidade: Quando Exigir e O Que Ele Garante na Sua Obra em Navegantes"
https://www.regeengenharia.com.br/blog/consultoria-ambiental-navegantes-sc,https://www.regeengenharia.com.br/images/obra-comercial.png,"Consultoria Ambiental em Navegantes SC: Quando Contratar, O Que Resolver e Como Evitar Multas"
https://www.regeengenharia.com.br/blog/projeto-ar-condicionado-navegantes,https://www.regeengenharia.com.br/images/obra-comercial.png,"Projeto de Ar-Condicionado: Por que Comprar o Aparelho Não é Suficiente"
https://www.regeengenharia.com.br/blog/comprar-imovel-irregular-navegantes,https://www.regeengenharia.com.br/images/regularizacao.png,"Comprar Imóvel Irregular em Navegantes SC: Riscos, Regularização e Como se Proteger"
https://www.regeengenharia.com.br/blog/regularizacao-de-imovel-navegantes,https://www.regeengenharia.com.br/images/regularizacao.png,"Regularização de Imóvel em Navegantes: O Que É, Quando Fazer e O Que Exigir do Engenheiro"
https://www.regeengenharia.com.br/blog/projeto-eletrico-industrial,https://www.regeengenharia.com.br/images/obra-comercial.png,"Projeto Elétrico Industrial: O que é, o que inclui e por que sua Indústria em SC Precisa"
https://www.regeengenharia.com.br/blog/projeto-eletrico-comercial-navegantes,https://www.regeengenharia.com.br/images/obra-comercial.png,"Projeto Elétrico Comercial: O Que Exigir do Engenheiro para Sua Loja ou Empreendimento em Navegantes"
https://www.regeengenharia.com.br/blog/levantamento-arquitetonico-navegantes,https://www.regeengenharia.com.br/images/projeto-arquitetonico.png,"Levantamento Arquitetônico (As-Built) em Navegantes SC: Guia Completo para Medir, Documentar e Regularizar"
https://www.regeengenharia.com.br/blog/projeto-hidraulico-navegantes,https://www.regeengenharia.com.br/images/obra-residencial.png,"Projeto Hidráulico: Por Que Sua Obra em Navegantes Precisa de Rede, Esgoto e Pluvial Projetados"
https://www.regeengenharia.com.br/blog/planta-de-imovel-compradores-e-vendedores,https://www.regeengenharia.com.br/images/projeto-arquitetonico.png,"Planta de Imóvel: O Que Compradores e Vendedores Precisam Saber Antes de Fechar o Negócio"
https://www.regeengenharia.com.br/blog/projeto-hidraulico,https://www.regeengenharia.com.br/images/obra-residencial.png,"Projeto Hidráulico: O que é, o que inclui e por que sua Obra em Navegantes Precisa"
https://www.regeengenharia.com.br/blog/empresa-de-engenharia-hidraulica-navegantes,https://www.regeengenharia.com.br/images/obra-residencial.png,"Empresa de Engenharia Hidráulica em Navegantes: O Que Avaliar Antes de Contratar"
https://www.regeengenharia.com.br/blog/avaliacao-imovel-inventario-heranca-navegantes,https://www.regeengenharia.com.br/images/obra-residencial.png,"Avaliação de Imóvel para Inventário e Herança em Navegantes SC: Guia Completo"
https://www.regeengenharia.com.br/blog/licenciamento-ambiental-guia-completo,https://www.regeengenharia.com.br/images/obra-comercial.png,"Licenciamento Ambiental: O Guia Completo Do Processo, Da Solicitação à Aprovação"
https://www.regeengenharia.com.br/blog/engenharia-contra-incendio-navegantes,https://www.regeengenharia.com.br/images/obra-comercial.png,"Engenharia Contra Incêndio: Como Garantir o AVCB do Seu Imóvel em Navegantes"
https://www.regeengenharia.com.br/blog/adequacao-normas-incendio,https://www.regeengenharia.com.br/images/obra-comercial.png,"Adequação às Normas de Incêndio: Como Regularizar seu Imóvel no Litoral de SC"
https://www.regeengenharia.com.br/blog/consultoria-engenharia-industrial,https://www.regeengenharia.com.br/images/construtora.png,"Consultoria de Engenharia Industrial: Como Reduzir Custos, Riscos e Paradas na sua Operação"
https://www.regeengenharia.com.br/blog/projeto-de-instalacoes-industriais-navegantes,https://www.regeengenharia.com.br/images/obra-comercial.png,"Projeto de Instalações Industriais: O Que Envolve e Como Não Errar no Seu Galpão em Navegantes"
https://www.regeengenharia.com.br/blog/problema-pressao-agua-navegantes,https://www.regeengenharia.com.br/images/projeto-arquitetonico.png,"Problema de Pressão da Água em Navegantes SC: Causas, Diagnóstico e Soluções Definitivas"
https://www.regeengenharia.com.br/blog/laudo-nr-12-navegantes,https://www.regeengenharia.com.br/images/construtora.png,"Laudo NR-12 em Navegantes SC: Guia Completo para Máquinas e Equipamentos Conformes"
https://www.regeengenharia.com.br/blog/estudo-ambiental-o-que-e-tipos-e-como-elaborar,https://www.regeengenharia.com.br/images/obra-comercial.png,"Estudo Ambiental: O Que É, Tipos (EIA/RIMA, RAS, BAS) e Como Elaborar Sem Erro"
https://www.regeengenharia.com.br/blog/gerenciamento-de-residuos,https://www.regeengenharia.com.br/images/regularizacao.png,"Gerenciamento de Resíduos Sólidos: O Guia Completo para Empresas e Obras"
https://www.regeengenharia.com.br/blog/empresa-de-engenharia-de-seguranca-do-trabalho,https://www.regeengenharia.com.br/images/obra-comercial.png,"Empresa de Engenharia de Segurança do Trabalho: O Que Faz e Quando Contratar"
https://www.regeengenharia.com.br/blog/laudo-ambiental,https://www.regeengenharia.com.br/images/obra-residencial.png,"Laudo Ambiental: O Que É, Tipos, Quando É Exigido e Como Emitir em SC"
https://www.regeengenharia.com.br/blog/laudo-de-insalubridade-navegantes,https://www.regeengenharia.com.br/images/construtora.png,"Laudo de Insalubridade em Navegantes SC: Guia Completo da NR-15 para Caracterizar, Prevenir e Evitar Passivos"
https://www.regeengenharia.com.br/blog/plano-gerenciamento-residuos-pratica,https://www.regeengenharia.com.br/images/construtora.png,"Plano de Gerenciamento de Resíduos na Prática: Como Implantar o Gerenciamento no Canteiro da Sua Obra"
https://www.regeengenharia.com.br/blog/diferenca-projeto-laudo-consultoria-engenharia,https://www.regeengenharia.com.br/images/analise-estrutura.png,"Projeto, Laudo ou Consultoria de Engenharia? Entenda a Diferença e Quando Contratar Cada Um"
https://www.regeengenharia.com.br/blog/como-saber-se-uma-rachadura-compromete-a-estrutura,https://www.regeengenharia.com.br/images/analise-estrutura.png,"Como Saber se uma Rachadura Compromete a Estrutura: 7 Sinais de Alerta"
https://www.regeengenharia.com.br/blog/servicos-engenharia-condominio,https://www.regeengenharia.com.br/images/obra-comercial.png,"Serviços de Engenharia para Condomínios: O que o Síndico Precisa Contratar"
https://www.regeengenharia.com.br/blog/preparar-industria-inspecao-navegantes,https://www.regeengenharia.com.br/images/construtora.png,"Como Preparar sua Indústria para uma Inspeção do Trabalho: Checklist Prático para Passar sem Multa nem Interdição"
https://www.regeengenharia.com.br/blog/consultoria-de-engenharia-navegantes-rege-solucao,https://www.regeengenharia.com.br/images/rege-engenharia.png,"Consultoria de Engenharia em Navegantes: Como a Regê Engenharia Pode Ser a Solução"
https://www.regeengenharia.com.br/blog/gerenciamento-de-obras-navegantes-rege-solucao,https://www.regeengenharia.com.br/images/construtora.png,"Gerenciamento de Obras em Navegantes: Por que a Regê Engenharia é a Solução"
https://www.regeengenharia.com.br/blog/servicos-de-engenharia-navegantes-solucao-rege,https://www.regeengenharia.com.br/images/construtora.png,"Serviços de Engenharia em Navegantes: Como a Regê Engenharia Resolve Cada Etapa da Sua Obra"
https://www.regeengenharia.com.br/blog/quando-e-necessaria-inspecao-predial-navegantes,https://www.regeengenharia.com.br/images/analise-estrutura.png,"Quando é Necessário Fazer uma Inspeção Predial? 7 Situações que Exigem Avaliação Técnica Imediata"
https://www.regeengenharia.com.br/blog/construcao-civil-navegantes-sc-solucao,https://www.regeengenharia.com.br/images/construtora.png,"Construção Civil em Navegantes SC: Desafios do Litoral e Como a Regê Engenharia é a Solução"
https://www.regeengenharia.com.br/blog/laudos-de-engenharia-navegantes-rege-solucao,https://www.regeengenharia.com.br/images/analise-estrutura.png,"Laudos de Engenharia em Navegantes: Como a Regê Engenharia Pode Ser a Solução"
https://www.regeengenharia.com.br/blog/projeto-indeferido-prefeitura-navegantes,https://www.regeengenharia.com.br/images/regularizacao.png,"Por Que Projetos São Indeferidos na Prefeitura? Entenda a Análise Técnica e Como Aprovar na Primeira Tentativa"
https://www.regeengenharia.com.br/blog/projetos-residenciais-navegantes-rege-engenharia,https://www.regeengenharia.com.br/images/obra-residencial.png,"Projetos Residenciais em Navegantes: Como a Regê Engenharia Transforma seu Terreno em Casa Entregue"
https://www.regeengenharia.com.br/blog/projetos-comerciais-navegantes-solucao-rege,https://www.regeengenharia.com.br/images/obra-comercial.png,"Projetos Comerciais em Navegantes: Como Tirar Seu Empreendimento do Papel com a Regê Engenharia"
https://www.regeengenharia.com.br/blog/engenharia-civil-navegantes-sc-problemas-e-solucoes,https://www.regeengenharia.com.br/images/construtora.png,"Engenharia Civil em Navegantes SC: Os Problemas que Derrubam Obras no Litoral - e Como a Regê Engenharia Resolve Cada Um"
https://www.regeengenharia.com.br/blog/engenheiro-na-obra-investimento-em-tranquilidade,https://www.regeengenharia.com.br/images/construtora.png,"Por Que Ter um Engenheiro na Obra é Investir em Tranquilidade"
https://www.regeengenharia.com.br/blog/engenheiro-valorizacao-imovel-navegantes,https://www.regeengenharia.com.br/images/obra-residencial.png,"O Engenheiro e a Valorização do Seu Imóvel no Mercado de Navegantes"
https://www.regeengenharia.com.br/blog/como-engenheiro-previne-infiltracoes-casa,https://www.regeengenharia.com.br/images/obra-residencial.png,"Como um Engenheiro Previne Infiltrações na Sua Casa"
https://www.regeengenharia.com.br/blog/papel-do-engenheiro-instalacao-eletrica-segura,https://www.regeengenharia.com.br/images/obra-comercial.png,"O Papel do Engenheiro na Instalação Elétrica Segura"
https://www.regeengenharia.com.br/blog/importancia-engenharia-construcao-piscinas-areas-externas,https://www.regeengenharia.com.br/images/obra-residencial.png,"A Importância da Engenharia na Construção de Piscinas e Áreas Externas"
https://www.regeengenharia.com.br/blog/servicos-de-engenharia-navegantes,https://www.regeengenharia.com.br/images/hero-rege.png,"Serviços de Engenharia em Navegantes: Como a Regê Engenharia Pode Ser a Solução"
https://www.regeengenharia.com.br/blog/obras-comerciais-navegantes-dependem-engenheiro,https://www.regeengenharia.com.br/images/obra-comercial.png,"Por Que Obras Comerciais em Navegantes Dependem de um Engenheiro?"
https://www.regeengenharia.com.br/blog/como-engenheiro-faz-gestao-prazos-construcao,https://www.regeengenharia.com.br/images/obra-residencial.png,"Como um Engenheiro Faz a Gestão de Prazos na Sua Construção"
https://www.regeengenharia.com.br/blog/engenheiro-civil-seguranca-ventos-chuvas,https://www.regeengenharia.com.br/images/Evitando Corrosão e Umidade em Navegantes.png,"O Engenheiro Civil: Como Garantir a Segurança contra Ventos e Chuvas"
https://www.regeengenharia.com.br/blog/engenheiro-retificacao-limites-terreno,https://www.regeengenharia.com.br/images/regularizacao.png,"A Importância do Engenheiro na Retificação de Limites de Terreno"
https://www.regeengenharia.com.br/blog/engenheiro-civil-seguranca-ventos-e-chuvas,https://www.regeengenharia.com.br/images/Evitando Corrosão e Umidade em Navegantes.png,"O Engenheiro Civil: Como Garantir a Segurança contra Ventos e Chuvas"
https://www.regeengenharia.com.br/blog/reformas-engenharia-navegantes-solucao-rege,https://www.regeengenharia.com.br/images/obra-residencial.png,"Reformas de Engenharia em Navegantes: Cada Tipo de Obra e Como a Regê Resolve"
https://www.regeengenharia.com.br/blog/projetos-industriais-navegantes-solucao,https://www.regeengenharia.com.br/images/construtora.png,"Projetos Industriais em Navegantes SC: Do Terreno à Operação — Como a Regê Engenharia é a Solução"
https://www.regeengenharia.com.br/blog/alvara-de-construcao-navegantes-rege-solucao,https://www.regeengenharia.com.br/images/etapas-aprovacao-prefeitura-bombeiros-cartorio.png,"Alvará de Construção em Navegantes SC: Por que a Regê Engenharia é a Solução"
https://www.regeengenharia.com.br/blog/assessoria-tecnica-engenharia-navegantes-rege-solucao,https://www.regeengenharia.com.br%2Fimages%2Fprojeto-arquitetonico.png,"Assessoria Técnica de Engenharia em Navegantes: Como a Regê Engenharia Pode Ser a Solução"
https://www.regeengenharia.com.br/blog/aprovacao-projetos-navegantes-solucao-rege,https://www.regeengenharia.com.br%2Fimages%2Fregularizacao.png,"Aprovação de Projetos na Prefeitura de Navegantes: Como a Regê Engenharia é a Solução"
https://www.regeengenharia.com.br/blog/avcb-o-que-e-e-quando-e-exigido,https://www.regeengenharia.com.br%2Fimages%2Fconstrutora.png,"O que é o AVCB e Quando Ele é Exigido? Guia Completo para Navegantes e Região"
https://www.regeengenharia.com.br/blog/como-regularizar-construcao-sem-projeto-aprovado,https://www.regeengenharia.com.br%2Fimages%2Fetapas-aprovacao-prefeitura-bombeiros-cartorio.png,"Como Regularizar uma Construção Feita sem Projeto Aprovado em Navegantes?"
https://www.regeengenharia.com.br/blog/danos-estruturais-obra-vizinha,https://www.regeengenharia.com.br%2Fimages%2FTrincas%20e%20Rachaduras.png,"Danos Estruturais por Obra Vizinha em Navegantes: Prevenção, Detecção e Soluções"
https://www.regeengenharia.com.br/blog/diferenca-reforma-retrofit-navegantes,https://www.regeengenharia.com.br%2Fimages%2Fengenheiro-economiza-dinheiro.png,"Diferença entre Reforma e Retrofit: O que Você Precisa Saber em Navegantes"
https://www.regeengenharia.com.br/blog/documentos-exigidos-aprovacao-projeto-prefeitura-navegantes,https://www.regeengenharia.com.br%2Fimages%2Fetapas-aprovacao-prefeitura-bombeiros-cartorio.png,"Documentos Exigidos para Aprovar um Projeto na Prefeitura de Navegantes"
https://www.regeengenharia.com.br/blog/documentos-para-construir-casa-navegantes,https://www.regeengenharia.com.br%2Fimages%2Fobra-residencial.png,"Quais Documentos Preciso para Construir uma Casa: Guia Completo para Navegantes e SC"
https://www.regeengenharia.com.br/blog/documentos-para-regularizar-imovel-navegantes,https://www.regeengenharia.com.br%2Fimages%2Fregularizacao.png,"Documentos para Regularizar um Imóvel em Navegantes: Checklist Completo"
https://www.regeengenharia.com.br/blog/energia-solar-litoral-norte-sc,https://www.regeengenharia.com.br%2Fimages%2FEvitando%20Corros%C3%A3o%20e%20Umidade%20em%20Navegantes.png,"Energia Solar no Litoral Norte de SC: Viabilidade e Retorno de Investimento"
https://www.regeengenharia.com.br/blog/engenharia-civil-gravata-navegantes-dois-mundos,https://www.regeengenharia.com.br%2Fimages%2Fconstrutora.png,"Engenharia Civil em Gravatá e Navegantes: Construindo com Segurança em Dois Mundos"
https://www.regeengenharia.com.br/blog/engenharia-civil-navegantes,https://www.regeengenharia.com.br%2Fimages%2Fconstrutora.png,"Engenharia Civil em Navegantes: Construindo o Futuro da Cidade"
https://www.regeengenharia.com.br/blog/engenharia-portuaria-navegantes,https://www.regeengenharia.com.br%2Fimages%2FTrincas%20e%20Rachaduras.png,"Engenharia Portuária em Navegantes: Estruturas Costeiras, Docks e Projetos Marítimos no Litoral Catarinense"
https://www.regeengenharia.com.br/blog/engenharia-predia-navegantes,https://www.regeengenharia.com.br%2Fimages%2Fconstrutora.png,"Engenharia Predial em Navegantes SC: Sistemas e Instalações para Seu Imóvel"
https://www.regeengenharia.com.br/blog/engenharia-de-estruturas-navegantes,https://www.regeengenharia.com.br%2Fimages%2FTrincas%20e%20Rachaduras.png,"O Que é Engenharia de Estruturas: Projeto, Cálculo e Segurança nas Construções de Navegantes"
https://www.regeengenharia.com.br/blog/engenheiro-civil-perto-de-mim-navegantes,https://www.regeengenharia.com.br%2Fimages%2Fconstrutora.png,"Engenheiro Civil Perto de Mim em Navegantes SC | Atendimento Local na Região"
https://www.regeengenharia.com.br/blog/engenheiro-civil-transforma-sonhos-estruturas-seguras,https://www.regeengenharia.com.br%2Fimages%2FTrincas%20e%20Rachaduras.png,"O Engenheiro Civil: O Profissional que Transforma Sonhos em Estruturas Seguras"
https://www.regeengenharia.com.br/blog/fundacao-ideal-para-casas-no-litoral-navegantes,https://www.regeengenharia.com.br%2Fimages%2FTrincas%20e%20Rachaduras.png,"Fundação Ideal para Casas no Litoral de Navegantes: Guia Técnico Completo"
https://www.regeengenharia.com.br/blog/laudo-eficiencia-energetica-navegantes,https://www.regeengenharia.com.br%2Fimages%2Fanalise-estrutura.png,"Laudo de Eficiência Energética: Por Que Sua Edificação em Santa Catarina Precisa?"
https://www.regeengenharia.com.br/blog/laudo-inspecao-predial-condominios-navegantes,https://www.regeengenharia.com.br%2Fimages%2Fanalise-estrutura.png,"O Que é o Laudo de Inspeção Predial e Por Que Ele é Essencial em Condomínios de Navegantes?"
https://www.regeengenharia.com.br/blog/lc-416-navegantes-regras-essenciais,https://www.regeengenharia.com.br%2Fimages%2Fetapas-aprovacao-prefeitura-bombeiros-cartorio.png,"Regras do Novo Código de Obras de Navegantes (LC 416/2023) que Você Precisa Conhecer"
https://www.regeengenharia.com.br/blog/melhor-empresa-engenharia-civil-navegantes,https://www.regeengenharia.com.br%2Fimages%2Fconstrutora.png,"Melhor Empresa de Engenharia Civil em Navegantes SC | Regê Engenharia"
https://www.regeengenharia.com.br/blog/melhor-terreno-custo-beneficio-navegantes,https://www.regeengenharia.com.br%2Fimages%2FCusto%20M%C3%A9dio%20de%20Constru%C3%A7%C3%A3o.png,"Como Escolher o Melhor Terreno Custo-Benefício em Navegantes: Dicas de Engenharia"
https://www.regeengenharia.com.br/blog/o-que-e-pericia-engenharia,https://www.regeengenharia.com.br%2Fimages%2Fanalise-estrutura.png,"O Que é Perícia de Engenharia? Definição, Tipos e Como Funciona"
https://www.regeengenharia.com.br/blog/pericia-engenharia-defeitos-construtivos,https://www.regeengenharia.com.br%2Fimages%2Fanalise-estrutura.png,"Perícia de Engenharia: Como Comprovar Defeitos Construtivos no Seu Imóvel em Navegantes"
https://www.regeengenharia.com.br/blog/projeto-hidrossanitario-navegantes,https://www.regeengenharia.com.br%2Fimages%2Fprojeto-arquitetonico.png,"Projeto Hidrossanitário: O Que É, Para Que Serve e Como Funciona"
https://www.regeengenharia.com.br/blog/projetos-bim-navegantes,https://www.regeengenharia.com.br%2Fimages%2FEvitando%20Corros%C3%A3o%20e%20Umidade%20em%20Navegantes.png,"Projetos BIM em Navegantes: Como a Modelagem da Informação da Construção Revoluciona a Engenharia no Litoral Catarinense"
https://www.regeengenharia.com.br/blog/projetos-industriais-machado-galpoes-fabricas-navegantes,https://www.regeengenharia.com.br%2Fimages%2Fprojeto-arquitetonico.png,"Projetos Industriais em Machado (Navegantes SC): Galpões e Fábricas"
https://www.regeengenharia.com.br/blog/reforma-residencial-maximizar-valor-revenda-navegantes,https://www.regeengenharia.com.br%2Fimages%2Fengenheiro-economiza-dinheiro.png,"Como Planejar uma Reforma Residencial em Navegantes para Maximizar o Valor de Revenda"
https://www.regeengenharia.com.br/blog/reformas-casas-de-praia-meia-praia-navegantes,https://www.regeengenharia.com.br%2Fimages%2Fengenheiro-economiza-dinheiro.png,"Reformas Meia Praia Navegantes: Soluções para Casas de Praia"
https://www.regeengenharia.com.br/blog/reformas-meia-praia-sc-solucoes-para-casas-de-praia,https://www.regeengenharia.com.br%2Fimages%2Fengenheiro-economiza-dinheiro.png,"Reformas Meia Praia SC: Soluções para Casas de Praia"
https://www.regeengenharia.com.br/blog/riscos-estruturais-imoveis-proximos-mar,https://www.regeengenharia.com.br%2Fimages%2FTrincas%20e%20Rachaduras.png,"Riscos Estruturais em Imóveis Próximos ao Mar: Avaliações Necessárias"
https://www.regeengenharia.com.br/blog/seguranca-trabalho-construcao-navegantes,https://www.regeengenharia.com.br%2Fimages%2Fobra-residencial.png,"Segurança do Trabalho na Construção: Guia Definitivo para Navegantes e Região"
https://www.regeengenharia.com.br/blog/sinais-de-alerta-estrutural,https://www.regeengenharia.com.br%2Fimages%2Fanalise-estrutura.png,"Sinais de Alerta: Quando Você Deve Solicitar um Laudo Estrutural em Navegantes?"
https://www.regeengenharia.com.br/blog/alvara-construcao-centro-navegantes,https://www.regeengenharia.com.br%2Fimages%2Fetapas-aprovacao-prefeitura-bombeiros-cartorio.png,"Alvará de Construção Centro Navegantes/SC: Assessoria Especializada para Sua Obra"
https://www.regeengenharia.com.br/blog/alvara-construcao-navegantes-guia-completo-aprovacao,https://www.regeengenharia.com.br%2Fimages%2Fetapas-aprovacao-prefeitura-bombeiros-cartorio.png,"Alvará de Construção em Navegantes/SC: Guia Completo para Aprovação"
https://www.regeengenharia.com.br/blog/analise-de-risco-engenharia-navegantes,https://www.regeengenharia.com.br%2Fimages%2Fconstrutora.png,"Análise de Risco na Engenharia Civil: Como Evitar Prejuízos em Navegantes"
https://www.regeengenharia.com.br/blog/aprovacao-projetos-prefeitura-navegantes,https://www.regeengenharia.com.br%2Fimages%2Fetapas-aprovacao-prefeitura-bombeiros-cartorio.png,"Aprovação de Projetos na Prefeitura de Navegantes: Eficiência e Agilidade"
https://www.regeengenharia.com.br/blog/aprovar-planta-prefeitura,https://www.regeengenharia.com.br%2Fimages%2Fetapas-aprovacao-prefeitura-bombeiros-cartorio.png,"O que é Preciso para Aprovar Planta na Prefeitura? Guia Completo"
https://www.regeengenharia.com.br/blog/artigo-ampliacao-engenheiro,https://www.regeengenharia.com.br%2Fimages%2Fconstrutora.png,"Por Que Obras de Ampliação Também Precisam de um Engenheiro?"
https://www.regeengenharia.com.br/blog/artigo-aprovacao-projetos-prefeitura-navegantes,https://www.regeengenharia.com.br%2Fimages%2Fetapas-aprovacao-prefeitura-bombeiros-cartorio.png,"Aprovação de Projetos na Prefeitura de Navegantes: O Que Você Precisa Saber"
https://www.regeengenharia.com.br/blog/artigo-assessoria-tecnica-navegantes,https://www.regeengenharia.com.br%2Fimages%2Fconstrutora.png,"Como a Assessoria Técnica em Engenharia Navegantes Ajuda Sua Obra"
https://www.regeengenharia.com.br/blog/artigo-conflitos-vizinhos-obra,https://www.regeengenharia.com.br%2Fimages%2Fconstrutora.png,"Como um Engenheiro Resolve Conflitos com Vizinhos na Sua Obra"
https://www.regeengenharia.com.br/blog/artigo-contratando-engenheiro-navegantes,https://www.regeengenharia.com.br%2Fimages%2Fconstrutora.png,"Contratando um Engenheiro Civil em Navegantes: O Que Você Precisa Saber"
https://www.regeengenharia.com.br/blog/artigo-design-build-vs-etapas,https://www.regeengenharia.com.br%2Fimages%2Fprojeto-arquitetonico.png,"Design-Build (Projeto-Construção) vs. Contratação por Etapas: Vantagens, Desvantagens e Como Decidir"
https://www.regeengenharia.com.br/blog/artigo-engenheiro-civil-navegantes-seguranca,https://www.regeengenharia.com.br%2Fimages%2Fconstrutora.png,"Engenheiro Civil em Navegantes: Garanta a Segurança e Qualidade do Seu Imóvel"
https://www.regeengenharia.com.br/blog/artigo-engenheiro-obra-exigencia-legal,https://www.regeengenharia.com.br%2Fimages%2Fconstrutora.png,"Por Que Ter um Engenheiro na Sua Obra é uma Exigência Legal?"
https://www.regeengenharia.com.br/blog/artigo-laudo-vistoria,https://www.regeengenharia.com.br%2Fimages%2Fanalise-estrutura.png,"Por Que Contratar um Engenheiro para Fazer um Laudo de Vistoria?"
https://www.regeengenharia.com.br/blog/artigo-licenciamento-ambiental-rege,https://www.regeengenharia.com.br%2Fimages%2Fetapas-aprovacao-prefeitura-bombeiros-cartorio.png,"Licenciamento Ambiental em Santa Catarina: Guia Completo e Como a Rege Engenharia Ajuda"
https://www.regeengenharia.com.br/blog/artigo-licenciamento-checklist-pratico,https://www.regeengenharia.com.br%2Fimages%2Fetapas-aprovacao-prefeitura-bombeiros-cartorio.png,"Licenciamento Ambiental na Prática: Checklist por Etapa e Erros que Custam Caro"
https://www.regeengenharia.com.br/blog/artigo-por-que-nao-construir-sem-engenheiro,https://www.regeengenharia.com.br%2Fimages%2Fconstrutora.png,"Por Que não Construir Sem um Engenheiro: Histórias de Desastres Evitados"
https://www.regeengenharia.com.br/blog/artigo-projeto-hidrossanitario-economia-agua,https://www.regeengenharia.com.br%2Fimages%2Fprojeto-arquitetonico.png,"O Engenheiro e o Projeto Hidrossanitário: Evitando Gastos com Água"
https://www.regeengenharia.com.br/blog/artigo-projetos-navegantes-conceito-realizacao,https://www.regeengenharia.com.br%2Fimages%2Fprojeto-arquitetonico.png,"Projetos de Engenharia em Navegantes: Do Conceito à Realização"
https://www.regeengenharia.com.br/blog/artigo-projetos-residenciais-navegantes,https://www.regeengenharia.com.br%2Fimages%2FTrincas%20e%20Rachaduras.png,"Projetos Residenciais em Navegantes: Conforto, Beleza e Estrutura"
https://www.regeengenharia.com.br/blog/artigo-servicos-aprovacao-projetos-navegantes,https://www.regeengenharia.com.br%2Fimages%2Fetapas-aprovacao-prefeitura-bombeiros-cartorio.png,"Serviços de Aprovação de Projetos na Prefeitura de Navegantes"
https://www.regeengenharia.com.br/blog/avcb-projeto-navegantes,https://www.regeengenharia.com.br%2Fimages%2Fprojeto-arquitetonico.png,"AVCB Projeto: O Que É, Quando É Exigido e Como Obter"
https://www.regeengenharia.com.br/blog/checklist-documentos-alvara-construcao-navegantes,https://www.regeengenharia.com.br%2Fimages%2Fetapas-aprovacao-prefeitura-bombeiros-cartorio.png,"Checklist de Documentos para Emitir Alvará de Construção em Navegantes"
https://www.regeengenharia.com.br/blog/codigo-de-obras-navegantes-sc,https://www.regeengenharia.com.br%2Fimages%2Fetapas-aprovacao-prefeitura-bombeiros-cartorio.png,"O Novo Código de Obras de Navegantes SC e Suas Exigências: Guia Completo"
https://www.regeengenharia.com.br/blog/como-engenheiro-planeja-fase-fundacoes-casa,https://www.regeengenharia.com.br%2Fimages%2FTrincas%20e%20Rachaduras.png,"Como um Engenheiro Planeja a Fase de Fundações da Sua Casa"
https://www.regeengenharia.com.br/blog/como-fazer-o-habite-se-de-um-imovel,https://www.regeengenharia.com.br%2Fimages%2Fregularizacao.png,"Como Fazer o Habite-se de um Imóvel: Passo a Passo Completo"
https://www.regeengenharia.com.br/blog/como-funciona-orcamento-executivo-detalhado,https://www.regeengenharia.com.br%2Fimages%2FCusto%20M%C3%A9dio%20de%20Constru%C3%A7%C3%A3o.png,"Como Funciona o Orçamento Executivo Detalhado: O Que Você Precisa Saber Antes de Construir"
https://www.regeengenharia.com.br/blog/construcao-civil-navegantes-novos-padroes-qualidade,https://www.regeengenharia.com.br%2Fimages%2Fobra-residencial.png,"Construção Civil em Navegantes/SC: Atingindo Novos Padrões de Qualidade"
https://www.regeengenharia.com.br/blog/construcao-civil-navegantes-realidade,https://www.regeengenharia.com.br%2Fimages%2Fobra-residencial.png,"Construção Civil em Navegantes: Transformando Sonhos em Realidade"
https://www.regeengenharia.com.br/blog/construcao-galpoes-industriais-navegantes,https://www.regeengenharia.com.br%2Fimages%2Fobra-residencial.png,"Construção de Galpões Industriais em Navegantes SC: Guia Completo"
https://www.regeengenharia.com.br/blog/construindo-solo-arenoso-navegantes,https://www.regeengenharia.com.br%2Fimages%2FTrincas%20e%20Rachaduras.png,"Construindo em Solo Arenoso: Desafios e Soluções na Engenharia de Navegantes"
https://www.regeengenharia.com.br/blog/construtora-navegantes,https://www.regeengenharia.com.br%2Fimages%2Fconstrutora.png,"Construtora em Navegantes SC: Como Escolher a Empresa Certa para sua Obra"
https://www.regeengenharia.com.br/blog/consultoria-engenharia-navegantes-aconselhamento-tecnico,https://www.regeengenharia.com.br%2Fimages%2Fconstrutora.png,"Consultoria de Engenharia em Navegantes: Aconselhamento Técnico Especializado"
https://www.regeengenharia.com.br/blog/consultoria-engenharia-navegantes,https://www.regeengenharia.com.br%2Fimages%2Fconstrutora.png,"Consultoria de Engenharia em Navegantes: Soluções Técnicas sob Medida"
https://www.regeengenharia.com.br/blog/custo-projeto-estrutural-navegantes,https://www.regeengenharia.com.br%2Fimages%2FTrincas%20e%20Rachaduras.png,"Quanto Custa um Projeto Estrutural em Navegantes SC?"
https://www.regeengenharia.com.br/blog/diagnostico-problemas-construtivos-navegantes,https://www.regeengenharia.com.br%2Fimages%2Fengenheiro-economiza-dinheiro.png,"Diagnóstico de Problemas Construtivos: Identificar Antes de Reformar em Navegantes"
https://www.regeengenharia.com.br/blog/diferenca-projeto-arquitetonico-estrutural-aprovacao,https://www.regeengenharia.com.br%2Fimages%2Fetapas-aprovacao-prefeitura-bombeiros-cartorio.png,"Diferenças Entre Projeto Arquitetônico e Projeto Estrutural na Aprovação Municipal"
https://www.regeengenharia.com.br/blog/documentacao-alvara-construcao-navegantes,https://www.regeengenharia.com.br%2Fimages%2Fetapas-aprovacao-prefeitura-bombeiros-cartorio.png,"Documentação Necessária para Solicitar o Alvará de Construção em Navegantes"
https://www.regeengenharia.com.br/blog/empresa-de-engenharia-eletrica-navegantes,https://www.regeengenharia.com.br%2Fimages%2FEnergia%20Solar.png,"Empresa de Engenharia Elétrica: O Que Faz, Por Que Contratar e Como Escolher"
https://www.regeengenharia.com.br/blog/engenharia-civil-navegantes-solucoes-completas,https://www.regeengenharia.com.br%2Fimages%2Fconstrutora.png,"Engenharia Civil em Navegantes/SC: Soluções Completas para Sua Obra"
https://www.regeengenharia.com.br/blog/engenharia-meia-praia-navegantes-projetos,https://www.regeengenharia.com.br%2Fimages%2Fprojeto-arquitetonico.png,"Engenharia Meia Praia Navegantes: Projetos no Balneário"
https://www.regeengenharia.com.br/blog/engenharia-navegantes-sc,https://www.regeengenharia.com.br%2Fimages%2Fengenheiro-economiza-dinheiro.png,"Engenharia em Navegantes SC: Guia Completo para Construção, Reforma e Projetos"
https://www.regeengenharia.com.br/blog/engenharia-sao-domingos-navegantes-projetos-qualidade,https://www.regeengenharia.com.br%2Fimages%2Fengenheiro-economiza-dinheiro.png,"Engenharia São Domingos Navegantes: Projetos de Qualidade que Valorizam seu Imóvel"
https://www.regeengenharia.com.br/blog/engenheiro-civil-ilhota,https://www.regeengenharia.com.br%2Fimages%2Fconstrutora.png,"Engenheiro Civil em Ilhota SC: Como Contratar o Profissional Certo"
https://www.regeengenharia.com.br/blog/escritorio-de-engenharia-civil-como-funciona-navegantes,https://www.regeengenharia.com.br%2Fimages%2Fconstrutora.png,"Escritório de Engenharia Civil em Navegantes: Como Funciona por Dentro"
https://www.regeengenharia.com.br/blog/escritorio-engenharia-centro,https://www.regeengenharia.com.br%2Fimages%2Fconstrutora.png,"Escritório de Engenharia no Centro: Guia para Escolher o Profissional Ideal"
https://www.regeengenharia.com.br/blog/escritorio-engenharia-navegantes-experiencia-inovacao,https://www.regeengenharia.com.br%2Fimages%2Fconstrutora.png,"Escritório de Engenharia em Navegantes: Experiência e Inovação"
https://www.regeengenharia.com.br/blog/escritorio-engenharia-navegantes-transforma-projeto,https://www.regeengenharia.com.br%2Fimages%2Fprojeto-arquitetonico.png,"O Escritório de Engenharia em Navegantes que Vai Transformar Seu Projeto"
https://www.regeengenharia.com.br/blog/estrategias-corrosao-salinidade-litoral-navegantes,https://www.regeengenharia.com.br%2Fimages%2FEvitando%20Corros%C3%A3o%20e%20Umidade%20em%20Navegantes.png,"Estratégias de Engenharia Contra a Corrosão e Salinidade no Litoral de Navegantes"
https://www.regeengenharia.com.br/blog/financiamento-obra-acompanhamento-engenharia,https://www.regeengenharia.com.br%2Fimages%2FCusto%20M%C3%A9dio%20de%20Constru%C3%A7%C3%A3o.png,"Como Funciona o Financiamento de Obra com Acompanhamento de Engenharia?"
https://www.regeengenharia.com.br/blog/importancia-engenharia-lajes-pilares-navegantes,https://www.regeengenharia.com.br%2Fimages%2Fobra-residencial.png,"A Importância da Engenharia na Construção de Lajes e Pilares"
https://www.regeengenharia.com.br/blog/laudo-de-vistoria-navegantes,https://www.regeengenharia.com.br%2Fimages%2Fanalise-estrutura.png,"Laudo de Vistoria: O Documento que Protege seu Imóvel em Navegantes"
https://www.regeengenharia.com.br/blog/laudos-engenharia-navegantes-avaliacoes-rapidas,https://www.regeengenharia.com.br%2Fimages%2Fanalise-estrutura.png,"Laudos de Engenharia em Navegantes/SC: Avaliações Precisas e Rápidas"
https://www.regeengenharia.com.br/blog/licenca-obras-navegantes-orientacoes,https://www.regeengenharia.com.br%2Fimages%2Fetapas-aprovacao-prefeitura-bombeiros-cartorio.png,"Obtendo Sua Licença de Obras em Navegantes: Orientações Essenciais"
https://www.regeengenharia.com.br/blog/manutencao-eletrica-industrial-navegantes,https://www.regeengenharia.com.br%2Fimages%2FEnergia%20Solar.png,"Manutenção Elétrica Industrial: Continuidade e Segurança em Navegantes"
https://www.regeengenharia.com.br/blog/melhores-empresas-engenharia-civil-navegantes,https://www.regeengenharia.com.br%2Fimages%2Fconstrutora.png,"Melhores Empresas de Engenharia Civil em Navegantes/SC: Guia Completo para Escolher"
https://www.regeengenharia.com.br/blog/o-valor-da-art-em-qualquer-obra,https://www.regeengenharia.com.br%2Fimages%2Fconstrutora.png,"O Valor da Responsabilidade Técnica (ART) em Qualquer Obra"
https://www.regeengenharia.com.br/blog/obras-areas-preservacao-navegantes-licenciamento-ambiental,https://www.regeengenharia.com.br%2Fimages%2Fetapas-aprovacao-prefeitura-bombeiros-cartorio.png,"Obras em Áreas de Preservação em Navegantes: Guia do Licenciamento Ambiental"
https://www.regeengenharia.com.br/blog/pmoc-empresa-navegantes,https://www.regeengenharia.com.br%2Fimages%2Fconstrutora.png,"PMOC Empresa: O Plano de Manutenção que Protege sua Edificação em Navegantes"
https://www.regeengenharia.com.br/blog/por-que-obras-litoral-navegantes-exigem-experiencia-engenheiro,https://www.regeengenharia.com.br%2Fimages%2FEvitando%20Corros%C3%A3o%20e%20Umidade%20em%20Navegantes.png,"Por Que Obras no Litoral de Navegantes Exigem Mais Experiência de um Engenheiro?"
https://www.regeengenharia.com.br/blog/por-que-ter-engenheiro-na-obra,https://www.regeengenharia.com.br%2Fimages%2Fconstrutora.png,"Por Que Ter um Engenheiro na Obra é a Melhor Decisão que Você Pode Tomar"
https://www.regeengenharia.com.br/blog/principais-servicos-engenharia-navegantes,https://www.regeengenharia.com.br%2Fimages%2Fconstrutora.png,"Principais Serviços de Engenharia em Navegantes/SC que Oferecemos"
https://www.regeengenharia.com.br/blog/projeto-arquitetonico-navegantes,https://www.regeengenharia.com.br%2Fimages%2Fprojeto-arquitetonico.png,"Projeto Arquitetônico em Navegantes SC: Guia Completo para Projetar sua Obra"
https://www.regeengenharia.com.br/blog/projeto-de-climatizacao-navegantes,https://www.regeengenharia.com.br%2Fimages%2Fprojeto-arquitetonico.png,"Projeto de Climatização: Conforto Técnico e Eficiência em Navegantes"
https://www.regeengenharia.com.br/blog/projeto-eletrico-residencial-navegantes,https://www.regeengenharia.com.br%2Fimages%2FEnergia%20Solar.png,"Projeto Elétrico Residencial: Segurança e Eficiência em Navegantes"
https://www.regeengenharia.com.br/blog/projeto-hidrossanitario-rege-engenharia-navegantes,https://www.regeengenharia.com.br%2Fimages%2Fprojeto-arquitetonico.png,"Projeto Hidrossanitário: O Guia Completo para Sua Obra em Navegantes/SC"
https://www.regeengenharia.com.br/blog/projeto-para-aprovacao-na-prefeitura,https://www.regeengenharia.com.br%2Fimages%2Fetapas-aprovacao-prefeitura-bombeiros-cartorio.png,"Projeto para Aprovação na Prefeitura: Guia Completo para Aprovar sem Exigências em Navegantes SC"
https://www.regeengenharia.com.br/blog/projetos-comerciais-navegantes,https://www.regeengenharia.com.br%2Fimages%2Fprojeto-arquitetonico.png,"Projetos Comerciais em Navegantes: Espaços Otimizados para o Seu Negócio"
https://www.regeengenharia.com.br/blog/projetos-industriais-machados-navegantes,https://www.regeengenharia.com.br%2Fimages%2Fprojeto-arquitetonico.png,"Projetos Industriais em Machados, Navegantes/SC: Eficiência no Caminho do Porto"
https://www.regeengenharia.com.br/blog/projetos-residenciais-gravata,https://www.regeengenharia.com.br%2Fimages%2Fengenheiro-economiza-dinheiro.png,"Projetos Residenciais em Gravatá PE: Guia Completo para Construção e Reforma"
https://www.regeengenharia.com.br/blog/quanto-custa-engenheiro-civil,https://www.regeengenharia.com.br%2Fimages%2Fconstrutora.png,"Quanto Custa Contratar um Engenheiro Civil? Guia de Honorários"
https://www.regeengenharia.com.br/blog/quanto-custa-reformar-uma-casa,https://www.regeengenharia.com.br%2Fimages%2Fengenheiro-economiza-dinheiro.png,"Quanto Custa Reformar uma Casa em 2026? Guia de Valores por Tipo de Reforma"
https://www.regeengenharia.com.br/blog/quanto-tempo-demora-construir-casa,https://www.regeengenharia.com.br%2Fimages%2Fobra-residencial.png,"Quanto Tempo Demora para Construir uma Casa do Zero até a Entrega das Chaves?"
https://www.regeengenharia.com.br/blog/reformas-engenharia-navegantes-revitalize-imovel-seguranca,https://www.regeengenharia.com.br%2Fimages%2Fengenheiro-economiza-dinheiro.png,"Reformas de Engenharia em Navegantes: Revitalize Seu Imóvel com Segurança"
https://www.regeengenharia.com.br/blog/regularizacao-imovel,https://www.regeengenharia.com.br%2Fimages%2Fregularizacao.png,"Como Funciona a Regularização de um Imóvel: Guia Completo"
https://www.regeengenharia.com.br/blog/regularizacao-obras-navegantes-solucao-rapida-segura,https://www.regeengenharia.com.br%2Fimages%2Fregularizacao.png,"Regularização de Obras em Navegantes: Solução Rápida e Segura"
https://www.regeengenharia.com.br/blog/servicos-engenharia-civil-navegantes,https://www.regeengenharia.com.br%2Fimages%2Fconstrutora.png,"Serviços de Engenharia Civil em Navegantes/SC: Guia Completo"
https://www.regeengenharia.com.br/blog/solucoes-de-engenharia-navegantes-sc,https://www.regeengenharia.com.br%2Fimages%2Fconstrutora.png,"Soluções de Engenharia em Navegantes/SC: Guia Completo"
https://www.regeengenharia.com.br/blog/topografia-engenharia-rege-engenharia-navegantes,https://www.regeengenharia.com.br%2Fimages%2Fprojeto-arquitetonico.png,"Topografia para Engenharia em Navegantes/SC: Precisão que Garante Sua Obra"
https://www.regeengenharia.com.br/blog/vazamento-em-tubulacao-navegantes,https://www.regeengenharia.com.br%2Fimages%2Fconstrutora.png,"Vazamento em Tubulação: Causas, Diagnóstico e Reparo em Navegantes"
